ID,Group,Species,Taxa,x_umap,y_umap,z_umap,x_pca,y_pca,z_pca,variance
mBibiA2,A,Bison bison bison,Placentalia,8.949242,5.0970864,4.9635696,-0.13523899070814033,-0.08748523192014154,-0.034505973676863325,
mBibiA3,A,Bison bison bison,Placentalia,8.855852,3.837819,5.5869756,-0.04260734109043783,0.06351189156267648,0.0695066461913263,
mBibiA4,A,Bison bison bison,Placentalia,9.740366,5.4002833,5.2707057,-0.10711551523724287,-0.09357467639548407,-0.08520908754405546,
mBotaA,A,Bos taurus,Placentalia,8.980569,4.1771874,5.3648934,-0.0882736089978078,-0.00527382091697591,0.07350563280087968,
mBotaA2,A,Bos taurus,Placentalia,9.917809,5.21083,4.9590707,-0.11259284699522155,-0.1612269013627847,-0.06730094311284286,
mBotaA3,A,Bos taurus,Placentalia,8.730627,5.02213,4.8890095,-0.13523899070814033,-0.08748523192014154,-0.034505973676863325,
mBotaA5,A,Bos taurus,Placentalia,8.392669,2.8637888,4.5738077,0.22223100275806554,-0.13883536188221657,0.09988546620999812,
mCahiA,A,Capra hircus,Placentalia,9.2682,3.5602932,5.291118,-0.05768209334458453,-0.0506475415712857,0.10857488813969206,
mCahiA2,A,Capra hircus,Placentalia,8.890844,4.7765408,4.642297,-0.11334411687189833,-0.16445808438029663,0.002140246070332944,
mCahiA4,A,Capra hircus,Placentalia,8.3604965,2.530781,4.777355,0.41408632340140206,-0.22814531021583154,0.048793766435124716,
mCahiA5,A,Capra hircus,Placentalia,6.3591056,3.9130936,7.007577,0.10950284062604144,0.06477461118105693,0.05422882504386708,
mChlaA2,A,Chinchilla lanigera,Placentalia,5.885075,3.743598,7.340485,0.1681043502560816,0.20819997183130867,0.05576029702424957,
mChlaA3,A,Chinchilla lanigera,Placentalia,8.879181,5.504129,3.457674,-0.16839401682916863,-0.2100082660473491,0.10706705592360352,
mChlaA4,A,Chinchilla lanigera,Placentalia,9.763886,5.1481075,3.2480693,-0.15546586215295294,-0.3452808767435281,0.009729076005945626,
mCocrA2,A,Condylura cristata,Placentalia,9.381056,4.8400593,3.1714349,-0.15264887838420127,-0.3125828169553188,0.09086818455211385,
mCocrA3,A,Condylura cristata,Placentalia,9.0516405,4.4733143,3.5627253,-0.11571068066843075,-0.23231411766292512,0.12143121791004428,
mDanoA,A,Dasypus novemcinctus,Placentalia,9.66876,4.939071,3.6051085,-0.11925096252454767,-0.30777187065260053,-0.008623583352162123,
mEledA1,A,Elephantulus edwardii,Placentalia,9.670402,4.0714784,4.245837,-0.05134572216231071,-0.24401261376596847,0.1311495896098433,
mEledA2,A,Elephantulus edwardii,Placentalia,10.054184,4.506597,3.4643986,-0.1761276076261433,-0.3195067892867246,0.13580466560787535,
mEledA3,A,Elephantulus edwardii,Placentalia,11.013931,3.1159635,5.3740134,-0.158897715464083,-0.12152567456469957,0.14225831949812542,
mEqcaA,A,Equus caballus,Placentalia,9.770317,5.3142867,3.626725,-0.14739098808061307,-0.2894967544904483,-0.013511958345057506,
mEreuA1,A,Erinaceus europaeus,Placentalia,9.171489,4.6621466,4.407807,-0.11336418671927109,-0.13456184588028486,0.04729836238516132,
mEreuA10,A,Erinaceus europaeus,Placentalia,8.324559,3.3908293,4.2175527,-0.025753953994264434,-0.15430836822894317,0.09696382933340507,
mEreuA11,A,Erinaceus europaeus,Placentalia,8.661423,3.8058891,3.9598157,-0.04986418122493463,-0.19553799068870656,0.08377812382031083,
mEreuA12,A,Erinaceus europaeus,Placentalia,8.681497,3.876961,4.017829,-0.04283966371630339,-0.1912824668103649,0.07474076301941439,
mEreuA13,A,Erinaceus europaeus,Placentalia,8.168689,2.6744533,5.319568,-0.036645309358086464,0.030064445048653955,0.1436910095178606,
mEreuA14,A,Erinaceus europaeus,Placentalia,7.595653,2.7943,5.745648,0.06317992500357617,0.07702538625749457,0.10455372878487862,
mEreuA15,A,Erinaceus europaeus,Placentalia,5.4213414,4.2587137,7.4888253,0.25448003982351636,0.2114866574675593,-0.038832240408592913,
mEreuA2,A,Erinaceus europaeus,Placentalia,8.899404,3.732235,5.079711,0.0027521550589662274,-0.07843677710955721,0.010590574392005706,
mEreuA3,A,Erinaceus europaeus,Placentalia,8.813023,3.499584,3.9417233,-0.08971354604943503,-0.3389830819208497,0.0792330338835582,
mEreuA5,A,Erinaceus europaeus,Placentalia,6.185773,3.1900482,6.801199,0.3069433539953827,-0.06718014968323507,0.1166221523648609,
mEreuA6,A,Erinaceus europaeus,Placentalia,6.5111337,3.178584,6.635427,0.26173039028259093,-0.10460083378231032,0.1646768318574279,
mEreuA7,A,Erinaceus europaeus,Placentalia,8.895411,3.743901,3.6621337,-0.09497646122998826,-0.26869055309979967,0.15630888384752417,
mEreuA8,A,Erinaceus europaeus,Placentalia,8.647603,3.3451622,4.008729,-0.03292150923276457,-0.3355562403552183,0.10003670549593104,
mEreuA9,A,Erinaceus europaeus,Placentalia,8.491563,3.645375,4.0750337,-0.04573115204160048,-0.20735455302632486,0.04791207006032105,
mHeglA1,A,Heterocephalus glaber,Placentalia,7.9515047,4.8360066,8.480095,-0.04764804569374857,0.12752287603655946,-0.12707487649531568,
mHeglA2,A,Heterocephalus glaber,Placentalia,9.286992,5.1483297,2.9885838,-0.1694049409486197,-0.306044633447608,0.10081991567162557,
mHeglA3,A,Heterocephalus glaber,Placentalia,9.792757,5.33829,2.9495485,-0.1376865582638252,-0.38199208953804537,0.0039015805221374114,
mHosaA,A,Homo sapiens,Placentalia,9.751382,5.6585956,3.3853407,-0.13992574664073354,-0.2792218665384795,0.03338198881437648,
mLoafA1,A,Loxodonta africana,Placentalia,8.910285,5.2869854,4.07706,-0.10244141335063327,-0.12327633844327249,-0.055296176196194785,
mLoafA2,A,Loxodonta africana,Placentalia,9.412582,5.2620325,3.4878488,-0.14409569234584874,-0.2524754731128089,0.02839672385808662,
mMamaA1,A,Marmota marmota marmota,Placentalia,9.290824,5.1206946,3.2645814,-0.1396526490265893,-0.3208219591965338,0.03182036494564117,
mMimuA,A,Microcebus murinus,Placentalia,9.546237,2.201004,5.1356344,-0.1306298694936545,-0.026902925310137396,0.1668319750363962,
mMumuA,A,Mus musculus,Placentalia,9.516895,4.9311767,3.362022,-0.06201471790851572,-0.282456639912014,0.0274977970325311,
mMyluA1,A,Myotis lucifugus,Placentalia,8.775137,4.052929,6.1328015,-0.0998655391782057,0.03990515707498504,0.08611789099464208,
mMyluA2,A,Myotis lucifugus,Placentalia,10.919915,3.2320054,5.298174,-0.1621447271263174,-0.16632079643661166,0.10957277380597542,
mMyluA4,A,Myotis lucifugus,Placentalia,9.8471155,5.4107122,2.8997319,-0.16232065410037191,-0.35140154279792873,0.030734825243462164,
mOcprA1,A,Ochotona princeps,Placentalia,9.408517,4.555591,4.923313,-0.1842668943481056,-0.13629544884828024,0.10343203908004898,
mOcprA2,A,Ochotona princeps,Placentalia,10.12821,5.6038876,3.1922314,-0.14014743725037543,-0.43216984942259334,-0.046998414651946895,
mOcprA3,A,Ochotona princeps,Placentalia,10.457536,1.9484259,4.998678,-0.1777742087552227,-0.05029153083409508,0.22961937059571466,
mOdviA1,A,Odocoileus virginianus texanus,Placentalia,8.900733,5.273075,4.7880917,-0.14483234080169508,-0.11855378053416041,-0.03734701920415974,
mOdviA2,A,Odocoileus virginianus texanus,Placentalia,8.838611,5.021804,5.559417,-0.1280922693556471,0.019952811908108728,-0.037904644630662204,
mOdviA3,A,Odocoileus virginianus texanus,Placentalia,9.687066,5.305016,5.245114,-0.1057506050454777,-0.0556432083598361,-0.10182088034750583,
mOrcuA1,A,Oryctolagus cuniculus,Placentalia,9.7994375,4.6682076,4.4054236,-0.1805191980233114,-0.2109032895528115,0.06848312857623784,
mOrcuA2,A,Oryctolagus cuniculus,Placentalia,8.960078,5.2579546,3.644771,-0.16060653604077457,-0.22244441708362986,0.10604324761306645,
mOrcuA3,A,Oryctolagus cuniculus,Placentalia,9.950714,5.6202407,3.2382274,-0.13422791931497424,-0.34026393019599666,-0.027387964122940176,
mOrcuA4,A,Oryctolagus cuniculus,Placentalia,8.867902,5.210739,3.8367329,-0.21039515950481813,-0.15163826291612462,0.12076187561139634,
mOvarA1,A,Ovis aries,Placentalia,9.115344,5.130056,4.216059,-0.16095706832930914,-0.23500353567493426,0.0062673291327644135,
mOvarA2,A,Ovis aries,Placentalia,9.29866,3.7230167,5.043262,-0.05997815184241061,-0.07796024736540676,0.11447693190266105,
mOvarA3,A,Ovis aries,Placentalia,9.652002,5.333367,4.8810415,-0.13762068509897366,-0.12509130408670582,0.01116592605375498,
mPahoA1,A,Pantholops hodgsonii,Placentalia,9.099533,5.41486,4.963883,-0.13392852600966756,-0.12915592855002198,-0.09634585831203349,
mPahoA3,A,Pantholops hodgsonii,Placentalia,9.070484,3.4829004,5.269068,-0.09081595416291664,-0.03654622951111447,0.1293939094898338,
mPahoA5,A,Pantholops hodgsonii,Placentalia,10.019706,5.3037777,4.793045,-0.14322449800507256,-0.1890298304878411,-0.01938106775480221,
mSoarA2,A,Sorex araneus,Placentalia,9.36793,3.3955026,4.867267,-0.04809908420856988,-0.15883799689139855,0.0994747532609728,
mSoarA3,A,Sorex araneus,Placentalia,9.663682,4.8387856,2.8980296,-0.1867106950810959,-0.436253014923927,0.10233342679158745,
mTrmaA2,A,Trichechus manatus latirostris,Placentalia,8.713695,5.3142776,5.3967705,-0.10840432335533165,0.006191181943478615,-0.03281119700566178,
bAncyB,B,Anser cygnoides,Aves,5.5627017,1.6936002,8.534949,2.313967860980213,-0.5059024512361544,0.7892534651423788,17.338866097830902
bAnplB,B,Anas platyrhynchos platyrhynchos,Aves,5.436494,1.5600111,8.468086,2.383253249187229,-0.4963653656225309,0.83952389643991,
bApfoB,B,Aptenodytes forsteri,Aves,5.572884,0.54562247,8.90995,0.8455730842338499,-0.45228436999146165,-0.4289821593554471,
bAqchB,B,Aquila chrysaetos canadensis,Aves,5.3387527,0.83529687,9.17228,0.8318668345779255,-0.47996300554019666,-0.4489215659267081,
bBareB,B,Balearica regulorum gibbericeps,Aves,5.179077,0.9282216,9.139905,0.7893270995606388,-0.3865917650143619,-0.4457830308079668,
bChmaB,B,Chlamydotis macqueenii,Aves,5.378477,0.69974923,9.054599,0.8239940726186638,-0.34796653217586043,-0.4904742596534062,
bCucaB,B,Cuculus canorus,Aves,5.340376,0.5660102,8.731995,0.8318897686574783,-0.25569757188708964,-0.5573474722327759,
bGagaB,B,Gallus gallus,Aves,5.4480624,1.5164162,8.393017,2.2563709570219075,-0.45385043271605313,0.7485047156055694,
bHaleB,B,Haliaeetus leucocephalus,Aves,5.450211,0.7882811,8.662923,0.7701338545919794,-0.41372644345062437,-0.4500313819723986,
bNaauB,B,Nannopterum auritus,Aves,5.422504,0.75365293,9.009476,0.8760156532066222,-0.3301985027442572,-0.48551237805247016,
bPafaB,B,Patagioenas fasciata monilis,Aves,5.527763,0.88830554,9.034713,0.8745215929134469,-0.4782440388269686,-0.4982772017345268,
bPskrB,B,Psittacula krameri,Aves,5.170335,0.72662294,8.856469,1.103336097490352,-0.46200096098496884,-0.16448471451176785,
bPyadB,B,Pygoscelis adeliae,Aves,5.560787,0.48437327,8.789167,0.8174868311138977,-0.438571594760107,-0.44226769304017655,
bStocB,B,Strix occidentalis caurina,Aves,5.5561466,0.84176886,8.73252,0.8377428526406302,-0.3426094870059086,-0.5306528126021854,
bUrpeB,B,Urile pelagicus,Aves,5.651906,0.76095766,8.635288,0.8760156532066222,-0.3301985027442572,-0.48551237805247016,
bAncyC,C,Anser cygnoides,Aves,9.51663,2.8834553,7.547717,-0.07753224905944703,0.0006314937247254697,-0.0030211291325999115,10.612276629207578
bAnplC,C,Anas platyrhynchos platyrhynchos,Aves,9.781238,2.7725494,7.365422,-0.09175572709398372,-0.008947898001690711,-0.011430492042874243,
bApauC,C,Apteryx australis mantelli,Aves,9.912715,2.885919,6.985217,-0.04032447324549054,-0.07647445673962779,0.011177341526738271,
bApfoC,C,Aptenodytes forsteri,Aves,9.521416,3.18276,6.7594113,-0.0966691111743731,-0.08077884208362632,0.018053893794174488,
bAqchC,C,Aquila chrysaetos canadensis,Aves,9.663617,2.9902258,7.276421,-0.05563916056120156,0.03381380179663278,-0.010399506105087353,
bBareC,C,Balearica regulorum gibbericeps,Aves,9.979394,3.070919,7.1745663,-0.07373911259213713,-0.016019115649203934,0.01919093773430942,
bChmaC,C,Chlamydotis macqueenii,Aves,9.448829,2.9660144,7.383189,0.0026893371793856656,0.061313171100188836,-0.0015640190287296014,
bCucaC,C,Cuculus canorus,Aves,9.594313,2.9897146,6.7174354,-0.08830783883775514,-0.06169199330542087,0.0479558919229649,
bGagaC,C,Gallus gallus,Aves,9.840665,2.747456,7.6419015,-0.0010457592965653294,0.071744204394279,-0.04221719904106052,
bHaleC,C,Haliaeetus leucocephalus,Aves,9.476212,3.2214534,7.4257283,-0.04344193604398004,0.0534619235229055,-0.03566269073012,
bNaauC,C,Nannopterum auritus,Aves,9.613996,3.334635,7.2417073,-0.10210868150338469,-0.030386251219995466,-0.02642857944022169,
bOphoC,C,Opisthocomus hoazin,Aves,9.430498,2.5297797,7.005474,-0.10556988509227513,-0.037551552520289015,0.10166759038439716,
bPafaC,C,Patagioenas fasciata monilis,Aves,9.728901,3.0035748,7.7225633,0.01994646317210262,0.16339137260688052,-0.048620115129663855,
bPskrC,C,Psittacula krameri,Aves,9.221405,3.0095356,7.5114346,-0.03452090134078489,0.11699124921088723,-0.008119798185864351,
bPyadC,C,Pygoscelis adeliae,Aves,9.364686,2.949628,7.119499,-0.07841963293951656,-0.03410082411485683,0.006873271215927767,
bStocC,C,Strix occidentalis caurina,Aves,9.456682,2.8880796,6.929841,-0.09128157248828259,-0.02588674537884753,0.04842650605845543,
bUrpeC,C,Urile pelagicus,Aves,9.7688465,3.3723295,7.0662875,-0.1122470008668631,-0.03822642418239487,-0.018399825041526884,
cAlmiC,C,Alligator mississippiensis,Crocodylia,10.4642105,4.9103622,3.5560725,-0.14748132289867516,-0.37214821005212223,0.04819377346067381,
cAlsiC,C,Alligator sinensis,Crocodylia,9.8628845,4.5756073,3.7170362,-0.1324712152547396,-0.30103753361020613,0.11104759765724677,
cCrpoC,C,Crocodylus porosus,Crocodylia,10.408102,5.0110645,3.425036,-0.11633018958100783,-0.37415538873225646,0.07172526041623337,
cGavganC,C,Gavialis gangeticus,Crocodylia,10.325644,4.9608374,3.282295,-0.14183004378379396,-0.4105654818008382,0.04737274034332358,
mAifuC,C,Ailurus fulgens styani,Placentalia,9.288159,-1.0297292,6.722087,0.13285530083240404,0.089515907939155,-0.12380363865274686,
mAimeC,C,Ailuropoda melanoleuca,Placentalia,8.870183,-0.38951614,6.7588234,0.13105332324679952,0.016107491904582966,-0.09311410113685692,
mBibiC,C,Bison bison bison,Placentalia,9.081153,-0.90657324,6.1803126,0.11851589800048017,0.10301167580737608,-0.058221899365781135,
mBotaC,C,Bos taurus,Placentalia,8.631239,-0.68358743,5.957161,0.11550512169192592,0.09873009422860363,-0.056385537308455795,
mCahiC,C,Capra hircus,Placentalia,8.573415,-0.7625727,6.0825787,0.10714877876746935,0.08111699499472984,-0.03145912975827674,
mCaluC,C,Canis lupus familiaris,Placentalia,9.225265,-0.7417322,6.6243315,0.13091835505909888,0.026924216705802733,-0.09132736880982087,
mChlaC,C,Chinchilla lanigera,Placentalia,8.935781,-0.33708596,6.208293,0.08921676508802784,0.018759378871687174,-0.04840439628259554,
mDanoC,C,Dasypus novemcinctus,Placentalia,9.117799,-0.5528763,6.660024,0.12619344266190505,0.004833428190237172,-0.09679511847132631,
mEnluC,C,Enhydra lutris kenyoni,Placentalia,8.536643,-0.7462913,6.6761107,0.12982210302295194,0.07360240132399576,-0.07579560142092864,
mEqcaC,C,Equus caballus,Placentalia,8.67294,-0.21022883,6.348396,0.09202611311549402,0.029151278978265364,-0.022178873119200304,
mEreuC,C,Erinaceus europaeus,Placentalia,9.343635,-0.8897523,6.3456693,0.19627366181521602,0.20994001454427727,-0.19260868870749612,
mLoafC,C,Loxodonta africana,Placentalia,9.087877,0.004347961,6.586614,0.10356096052769047,-0.03781747284296085,0.005614756756066954,
mMimuC,C,Microcebus murinus,Placentalia,9.160162,-0.028400432,6.250981,0.0723192979806081,-0.06788852172129027,0.06563585713271936,
mModoC,C,Monodelphis domestica,Marsupialia,8.852863,1.7087556,6.2296667,-0.057196457716273096,-0.1144266025768282,0.04873051686118282,
mMumuC,C,Mus musculus,Placentalia,8.804636,-0.14101568,6.464034,0.08127216811149257,0.017531515958084467,0.036057887130457,
mMupuC,C,Mustela putorius furo,Placentalia,8.544697,-0.76127976,6.6277337,0.12264893940640845,0.06159689531362428,-0.04982756801768359,
mMyluC,C,Myotis lucifugus,Placentalia,8.69451,-0.4998948,6.5365477,0.1066207846651728,0.07395882799272198,-0.060602682709893316,
mOcprC,C,Ochotona princeps,Placentalia,8.8979025,-0.8810447,6.7784796,0.14777584369574379,0.11190364197135019,-0.06480899563126213,
mOdviC,C,Odocoileus virginianus texanus,Placentalia,8.534356,-0.9620117,6.088821,0.09500707381129624,0.09901046204100841,-0.020719553736442388,
mOrcuC,C,Oryctolagus cuniculus,Placentalia,9.229837,-0.93536794,6.5205054,0.16412216461619358,0.08929690298919597,-0.09603222702441512,
mOrorC,C,Orcinus orca,Placentalia,9.036748,-0.85382503,6.2882123,0.3281352618346608,-0.018769848875975142,-0.23574247248300848,
mOvarC,C,Ovis aries,Placentalia,8.697176,-0.63953966,6.195594,0.1168086546949577,0.09244558714727702,-0.03650271915726284,
mPahoC,C,Pantholops hodgsonii,Placentalia,8.754502,-1.0366749,6.239519,0.11121925361432947,0.09925481295464365,-0.0280053571043059,
mPatiC,C,Panthera tigris altaica,Placentalia,8.846969,-0.37876353,6.71562,0.11827869636789445,0.06201652546712295,-0.043328067774957665,
mPhciC,C,Phascolarctos cinereus,Marsupialia,8.72,1.4993995,6.4973173,-0.03183157118061012,-0.06125609839968588,-0.008309684619265366,
mPtvaC,C,Pteropus vampyrus,Placentalia,8.918963,-0.022361822,6.3183746,0.0773249481584768,-0.034075163992083185,0.049864738336186334,
mSahaC,C,Sarcophilus harrisii,Marsupialia,8.766102,0.731217,6.413072,0.015780187893044667,-0.00999384528128132,0.02058325394574269,
mSoarC,C,Sorex araneus,Placentalia,8.76839,-0.93262184,5.9695954,0.1123081496522446,0.06542113423916777,-0.08879179514733193,
mTrmaC,C,Trichechus manatus latirostris,Placentalia,8.877094,-0.25045925,6.5474367,0.11761555144815013,0.018655175070728388,-0.023781866848974827,
mUrmaC,C,Ursus maritimus,Placentalia,9.192657,-0.5269564,6.783967,0.134354529044794,0.020508108843449446,-0.09332660601727526,
bAncyD,D3,Anser cygnoides,Aves,12.061111,5.6268463,5.344128,-0.1314094149182112,-0.3545823352500662,-0.19564409707327374,
bAnplD,D3,Anas platyrhynchos platyrhynchos,Aves,12.189553,5.62803,5.5017004,-0.09703207339139851,-0.2631756113069025,-0.19628776909259707,
bApfoD,D3,Aptenodytes forsteri,Aves,12.286569,5.147013,5.72058,-0.10210215798174824,-0.19171504954784208,-0.1557002316998693,
bAqchD,D3,Aquila chrysaetos canadensis,Aves,12.443487,5.5034447,5.6430535,-0.1465329391963295,-0.26216502661430297,-0.17878253070130232,
bBareD,D3,Balearica regulorum gibbericeps,Aves,12.300874,5.0842957,5.966086,-0.0798152325770314,-0.19279287754463223,-0.15119349522934972,
bChmaD,D3,Chlamydotis macqueenii,Aves,12.400916,5.2818346,5.8057046,-0.10439468630034346,-0.21776592888544002,-0.17949605525611756,
bCocoD,D3,Corvus cornix cornix,Aves,12.43553,5.5085897,6.056613,-0.10208591820063123,-0.12561276502829896,-0.2536891808381256,
bCucaD,D3,Cuculus canorus,Aves,12.193275,5.1062765,5.7921524,-0.15991943165417527,-0.17765754643131207,-0.14212859161528102,
bGagaD,D3,Gallus gallus,Aves,12.438036,5.4419804,5.2143035,-0.12530755077327624,-0.300277417386463,-0.1133130931298741,
bHaleD,D3,Haliaeetus leucocephalus,Aves,12.042202,5.4433684,5.5503464,-0.153392723224873,-0.26720587967974413,-0.1410908889619258,
bNaauD,D3,Nannopterum auritus,Aves,12.536316,5.0597634,5.4038544,-0.13906608197499964,-0.2432490944302233,-0.10863117636825954,
bOphoD,D3,Opisthocomus hoazin,Aves,11.964002,4.71711,5.841408,-0.13368036737575437,-0.18119745652839536,-0.0650423141556993,
bPafaD,D3,Patagioenas fasciata monilis,Aves,12.210762,5.156578,5.1359267,-0.16094035781402727,-0.36079750269446814,-0.08782148427725826,
bPskrD,D3,Psittacula krameri,Aves,12.508605,5.389726,5.5917163,-0.11181032360720991,-0.22090224932161945,-0.1713482288210844,
bPyadD,D3,Pygoscelis adeliae,Aves,12.395446,4.9725895,5.4922667,-0.12018415860973612,-0.2789288343550924,-0.10808675264014057,
bSecoD,D3,Setophaga coronata coronata,Aves,12.374581,5.4943414,6.359812,-0.08547074997924714,-0.036770821890962785,-0.22415548238704325,
bStocD,D3,Strix occidentalis caurina,Aves,12.254723,5.516847,5.072576,-0.1917682022071801,-0.42352533633828987,-0.14097576662512337,
bUrpeD,D3,Urile pelagicus,Aves,12.419718,5.135033,5.220751,-0.16654620666805228,-0.3126576729287203,-0.10646657012540373,
cAlmiD1,D1,Alligator mississippiensis,Crocodylia,8.416856,2.7409756,5.5032554,0.01689409164964944,-0.08913199033457504,0.1200979031248495,
cAlmiD3,D3,Alligator mississippiensis,Crocodylia,11.756358,4.201559,5.3018317,-0.16093235398250844,-0.32401735631078904,0.03470191826386046,
cAlsiD3,D3,Alligator sinensis,Crocodylia,11.839861,4.4469404,5.341969,-0.17392910149654334,-0.28865542532338667,0.020912421761990697,
cChmyD1,D1,Chelonia mydas,Testudines,9.128687,4.9860654,6.01571,-0.14348651693639355,-0.043300853868828135,-0.024465537264386814,
cChmyD3,D3,Chelonia mydas,Testudines,10.769292,3.6058688,5.126912,-0.11003138287328774,-0.24498343177701837,0.09725579233429289,
cChpiD1,D1,Chrysemys picta bellii,Testudines,9.370874,4.889461,5.7098026,-0.1495684280000701,-0.10548994768730127,-0.0039528934560511195,
cChpiD2,D2,Chrysemys picta bellii,Testudines,9.552267,5.088103,4.973245,-0.13803754177576533,-0.11935584094203144,-0.0224967841100545,
cChpiD3,D3,Chrysemys picta bellii,Testudines,11.333818,2.8928351,5.151943,-0.12485133169481014,-0.12537613943449535,0.16524385615135226,
cCrpoD1,D1,Crocodylus porosus,Crocodylia,8.667461,2.8855376,5.3319817,0.003023507277138308,-0.04885324408957975,0.1607107519879735,
cCrpoD3,D3,Crocodylus porosus,Crocodylia,12.051613,4.5276065,5.438641,-0.16930909913165593,-0.35028842351752193,-0.015226139663034478,
cGavganD1,D1,Gavialis gangeticus,Crocodylia,8.903543,2.5412686,5.3745403,0.004440517512527524,-0.08175023007880013,0.17037842492975586,
cGavganD3,D3,Gavialis gangeticus,Crocodylia,11.997466,4.308204,5.4389067,-0.17300439525789243,-0.3407489444081998,0.02502519050050501,
cGoagD1,D1,Gopherus agassizii,Testudines,8.978602,4.525769,6.167449,-0.15954692947890414,-0.022349632542907654,0.04846374078785876,
cGoagD2,D2,Gopherus agassizii,Testudines,9.93252,5.3924875,4.583207,-0.1612433667022687,-0.18720922487210248,-0.05516075206191263,
cGoagD3,D3,Gopherus agassizii,Testudines,11.346755,4.059414,5.5781746,-0.10937906298304739,-0.20148168776693942,0.007512851516885731,
cPesiD1,D1,Pelodiscus sinensis,Testudines,9.377248,5.024929,5.689097,-0.13976479954908516,-0.11974571984131276,-0.03073389786530552,
cPesiD2,D2,Pelodiscus sinensis,Testudines,10.090954,5.257343,4.265045,-0.14830339066600115,-0.24651578727952236,-0.059204176484505766,
cPesiD3,D3,Pelodiscus sinensis,Testudines,11.638139,6.119134,7.7129974,-0.09470936012150762,-0.013660067747636834,-0.05510357521118656,
mAifuD,D1,Ailurus fulgens styani,Placentalia,8.278093,4.9889994,9.590698,-0.08111935190250519,0.09896556618845286,-0.16563920531387238,
mAimeDa,D1,Ailuropoda melanoleuca,Placentalia,8.184586,4.6597877,9.762807,-0.05698512113850148,0.12164406791063005,-0.17138422869476808,
mAimeDb,D1,Ailuropoda melanoleuca,Placentalia,8.460655,4.6592383,9.441621,-0.05698512113850148,0.12164406791063005,-0.17138422869476808,
mBibiDa,D1,Bison bison bison,Placentalia,8.436593,5.525468,8.330903,-0.04290754479341688,0.11416477927069223,-0.01856185913867048,
mBibiDb,D1,Bison bison bison,Placentalia,8.332664,5.393315,8.038903,-0.04625956112976656,0.214614426675971,-0.03841937373775544,
mBotaDa,D1,Bos taurus,Placentalia,8.375083,5.5640597,8.163644,-0.0068213251419582096,0.1111163432954396,-0.06187547116216276,
mBotaDb,D1,Bos taurus,Placentalia,8.444476,5.118932,8.462421,-0.008710463866013016,0.10504417061683959,-0.07023990855191803,
mCahiDa,D1,Capra hircus,Placentalia,8.171525,5.102039,8.095902,-0.051566638301758214,0.1447062231597471,-0.018592116591497294,
mCahiDb,D1,Capra hircus,Placentalia,8.41632,5.1986423,8.5623,-0.09145295648997634,0.041999398246069186,-0.10092453074410476,
mCaluD,D1,Canis lupus familiaris,Placentalia,8.166301,5.1472054,9.551178,-0.06365489328562163,0.13841093641900565,-0.21055030989515275,
mChlaD,D1,Chinchilla lanigera,Placentalia,7.120021,4.5542474,8.918396,0.08057549587459582,0.19002924277798117,-0.1480288172199185,
mCocrD,D1,Condylura cristata,Placentalia,7.857796,4.187852,9.129218,-0.037231558529403255,0.11842631287182896,-0.1400331388395788,
mDanoD,D1,Dasypus novemcinctus,Placentalia,7.1804376,4.591857,9.707499,0.002997822087225524,0.22549260967012544,-0.2618544174817539,
mEledD,D1,Elephantulus edwardii,Placentalia,8.370713,4.1283035,9.216764,-0.07795212148636489,0.13521823616519232,-0.05741311535807368,
mEnluD,D1,Enhydra lutris kenyoni,Placentalia,7.811672,4.5017605,9.502523,0.0020566316264651356,0.16907270598865184,-0.14963508287206145,
mEqcaD,D1,Equus caballus,Placentalia,7.439736,4.5452504,9.548814,-0.008898260656224994,0.22764291212049334,-0.2195110763291877,
mEreuD,D1,Erinaceus europaeus,Placentalia,7.2016077,4.4594336,9.748545,0.06998839911635393,0.27304434880263406,-0.29882723538016054,
mFecaD,D1,Felis catus,Placentalia,8.504404,4.8541117,9.207396,-0.058596590957624706,0.0637254678441192,-0.14608997498936724,
mHeglD,D1,Heterocephalus glaber,Placentalia,6.418329,4.624106,8.511804,0.0990265754900865,0.24842266991562476,-0.13054643181240896,
mHosaD,D1,Homo sapiens,Placentalia,7.6274276,4.710192,9.653444,-0.02544257498139523,0.18066517616518696,-0.16601553108552225,
mLoafD,D1,Loxodonta africana,Placentalia,7.082933,4.609783,9.397559,0.06259496470627292,0.3058466186921594,-0.18852266121747935,
mMamaD,D1,Marmota marmota marmota,Placentalia,7.7011733,4.4829154,9.135661,-0.023790402670739643,0.13455928694624542,-0.15606925951127915,
mMimuD,D1,Microcebus murinus,Placentalia,8.371961,4.2270927,8.976864,-0.08371165396631562,0.07818461265927507,-0.04296347510364168,
mModoD,D1,Monodelphis domestica,Marsupialia,8.497918,4.5739117,8.290995,-0.07846728976090805,0.08929875531771764,0.01320173915036764,
mMumuD,D1,Mus musculus,Placentalia,8.803117,4.341683,8.845585,-0.116119808748611,-0.017746411730937918,-0.020757551553856023,
mMupuD,D1,Mustela putorius furo,Placentalia,7.961117,4.4878707,9.438002,-0.009100853352115022,0.12920086360157476,-0.11569063661306879,
mMyluD,D1,Myotis lucifugus,Placentalia,7.296,4.488521,9.788045,0.031338167236807705,0.24886265297669247,-0.24864087654192357,
mNescD,D1,Neomonachus schauinslandi,Placentalia,8.60607,4.735907,9.189154,-0.08628290857587899,0.028632917104636776,-0.1005070949890968,
mOcprD,D1,Ochotona princeps,Placentalia,8.077027,4.254565,9.226431,-0.03393291700646758,0.10731341508807647,-0.09228559676579806,
mOdviD,D1,Odocoileus virginianus texanus,Placentalia,8.014586,5.2292233,7.9191594,-0.08440215724338314,0.18546739137963839,-0.01609389909144081,
mOran2,D1,Ornithorhynchus anatinus,Monotremata,4.392979,3.9817622,6.8645344,0.12933936714273167,0.25814300606367113,-0.01048949320562852,
mOran4,D1,Ornithorhynchus anatinus,Monotremata,5.8244667,4.605545,8.069323,0.21453742794121086,0.249334906087675,-0.17786648345458395,
mOranD,D1,Ornithorhynchus anatinus,Monotremata,11.488393,5.1891823,5.2766,-0.15438209028685013,-0.21278204199606945,-0.09661554251387841,
mOrcuD,D1,Oryctolagus cuniculus,Placentalia,7.2921786,4.686468,9.560332,-0.005343836274105472,0.2508286841962236,-0.19140568018793844,
mOrorD,D1,Orcinus orca,Placentalia,8.636561,4.542072,9.2802,-0.0918022066848544,0.06044385220219896,-0.12189208552902994,
mOvarD,D1,Ovis aries,Placentalia,8.18702,5.089284,8.32905,-0.09217932624078312,0.10728406755842818,-0.06033255743936592,
mPahoD,D1,Pantholops hodgsonii,Placentalia,8.164847,5.259483,8.527862,-0.03801993000471638,0.1446635995455505,-0.08068922819340053,
mPatiD,D1,Panthera tigris altaica,Placentalia,8.170658,5.0380216,9.214749,-0.04957328838625679,0.07312731954712086,-0.16221229041188134,
mPhciDa,D1,Phascolarctos cinereus,Marsupialia,9.852453,3.8341095,5.475735,-0.050903740639658836,-0.15128803109053549,0.05493588184757594,
mPhciDb,D1,Phascolarctos cinereus,Marsupialia,8.4414425,4.025968,8.447484,-0.03272554940055562,-0.028571290805856034,-0.03852692273813997,
mPtvaD,D1,Pteropus vampyrus,Placentalia,7.998426,4.8605385,9.502369,-0.00943066622655607,0.13570337832862034,-0.15492723804248512,
mSahaD,D1,Sarcophilus harrisii,Marsupialia,8.633409,4.315802,8.491038,-0.12840717070262317,-0.013193219831184686,0.025963581478296326,
mSoarD,D1,Sorex araneus,Placentalia,8.249256,4.2429056,8.808335,-0.027963094526865087,0.0952099479182149,-0.06702477749438134,
mTrmaD,D1,Trichechus manatus latirostris,Placentalia,8.298063,4.410517,9.417509,-0.10376263969461097,0.05626663234464524,-0.11934372417901125,
mUrmaD,D1,Ursus maritimus,Placentalia,8.228444,4.883381,9.279261,-0.08127331399946212,0.07359546257841933,-0.13995541719223867,
sBocoD,D1,Boa constrictor constrictor,Squamata,11.453065,4.5919213,4.9772277,-0.16185384706807115,-0.32926823504180175,0.007730747214451565,
sCradD,D1,Crotalus adamanteus,Squamata,11.1373825,5.4936056,7.222781,0.0847287023948839,0.007140092269026842,-0.2917062787876685,
sCrhoBD,D1,Crotalus horridus,Squamata,10.867752,5.54106,7.306264,0.08263768224628978,0.03192728286744784,-0.29645293892757657,
sLabiD,D1,Lacerta bilineata,Squamata,5.7686524,3.794693,7.3804274,0.1829007215043176,0.16875968332431854,0.035976966354356536,
sLaviD,D1,Lacerta viridis,Squamata,5.9548497,3.8758872,7.5582113,0.16736581907145237,0.14070584942853284,0.0544309592897429,
sNoscD,D1,Notechis scutatus,Squamata,11.837935,5.585537,6.52641,0.02939209489220201,-0.2249769653801069,-0.2897069747733236,
sOpgrDb,D1,Ophisaurus gracilis,Squamata,9.214443,4.617784,4.8435087,-0.13108644026447308,-0.10379265541502891,0.0688546676897807,
sOphaD,D1,Ophiophagus hannah,Squamata,12.082928,5.599999,6.2934465,-0.037522380454542585,-0.185411269155256,-0.20905270487697916,
sPoviD,D1,Pogona vitticeps,Squamata,10.41441,3.646404,5.882465,-0.136499378035048,-0.08103319525874847,0.070315065443198,
sPsteD,D1,Pseudonaja textilis,Squamata,11.71636,5.6577573,6.5234613,0.04634802826401217,-0.20670943204893388,-0.3057911864710808,
bAncyE,E,Anser cygnoides,Aves,8.68861,5.3597627,4.4099803,-0.15806040868171387,-0.07845082659149126,0.06363466989858163,
bAnplE,E,Anas platyrhynchos platyrhynchos,Aves,9.075219,6.0004044,3.6310947,-0.13336137408547516,-0.21253974625461666,-0.019134285525533114,
bApfoE,E,Aptenodytes forsteri,Aves,8.83766,5.982421,4.427138,-0.1496680593312652,-0.058656887185072996,-0.07770060490084368,
bBareE,E,Balearica regulorum gibbericeps,Aves,8.590762,5.585549,5.1054764,-0.07505617507381862,-0.07110487686034633,-0.059243694947877956,
bChmaE,E,Chlamydotis macqueenii,Aves,9.006698,6.076973,3.9863768,-0.030383330307082394,-0.09715133797807853,-0.051763302853209216,
bCocoE,E,Corvus cornix cornix,Aves,9.433716,5.7792034,2.8186893,-0.1678316367219796,-0.4088625241363147,0.02289996980852365,
bGagaE,E,Gallus gallus,Aves,9.001715,5.731299,4.4309835,-0.12572005705850672,-0.10914607296185998,-0.01586531529782209,
bOphoE,E,Opisthocomus hoazin,Aves,8.867477,5.947833,3.6434183,-0.16612018492792519,-0.18966497408286837,0.028491049707525314,
bPskrE,E,Psittacula krameri,Aves,9.4694805,6.031387,3.1483834,-0.13190757038349932,-0.3780995801079974,-0.0708230899015283,
bSecoE,E,Setophaga coronata coronata,Aves,9.50193,5.832034,2.9538481,-0.19486327400562395,-0.490147766745425,0.012938300524017142,
bStocE,E,Strix occidentalis caurina,Aves,9.267622,6.079183,3.6037388,-0.1573202682148215,-0.2586497061106661,-0.033986486174268055,
cAlmiE,E,Alligator mississippiensis,Crocodylia,7.961926,5.4368854,6.184002,-0.04054949994198868,0.15604651027683775,0.0414655023958331,
cAlsiE,E,Alligator sinensis,Crocodylia,7.8529215,5.395164,6.2956905,-0.04054949994198868,0.15604651027683775,0.0414655023958331,
cCrpoE,E,Crocodylus porosus,Crocodylia,7.860111,5.378083,6.350513,-0.07473059267415935,0.1328460185254952,0.05884347254434653,
cGavganE,E,Gavialis gangeticus,Crocodylia,8.028059,4.9024816,6.072826,-0.02236744223601524,0.09857253833859148,0.08833017762699862,
cGoagE,E,Gopherus agassizii,Testudines,8.662789,5.5110497,5.763532,-0.14237570328577123,0.04018684252507374,-0.013593653536688989,
cPesiE,E,Pelodiscus sinensis,Testudines,7.874682,6.248937,6.6227255,-0.12579463578100467,0.1329805292289356,-0.060698718716214684,
mAifuE,E,Ailurus fulgens styani,Placentalia,6.8907337,7.9983177,7.2458262,-0.04287201212050438,0.25887407904186793,-0.12446127236443091,
mAimeE,E,Ailuropoda melanoleuca,Placentalia,6.270923,8.037994,7.404913,0.002984198137160014,0.29994587161395875,-0.17153248184913572,
mBibiE,E,Bison bison bison,Placentalia,6.920906,8.6618185,7.3250065,-0.019048670603548774,0.21162038680106074,-0.16560434406259916,
mBotaE,E,Bos taurus,Placentalia,6.817852,8.578053,7.1099305,-0.014022756988263385,0.21421847722693396,-0.1746743472058717,
mCahiE,E,Capra hircus,Placentalia,6.6202564,8.774206,7.021939,-0.0034095638311804027,0.2038100995463776,-0.18440612779830556,
mCaluE,E,Canis lupus familiaris,Placentalia,5.9346166,8.223339,7.4316044,0.03165208371181386,0.30783172039039775,-0.23182708652444436,
mChlaE,E,Chinchilla lanigera,Placentalia,6.710841,8.261921,7.0782194,0.013509767522950822,0.22887157206680758,-0.0795506936565013,
mCocrE,E,Condylura cristata,Placentalia,6.230851,7.9880805,6.8118377,-0.018743114779810822,0.30766593852583957,-0.10421234201899576,
mEledE,E,Elephantulus edwardii,Placentalia,6.4323015,8.327259,6.9460487,-0.008069253358399902,0.24124011321624797,-0.18637190098740847,
mEnluE,E,Enhydra lutris kenyoni,Placentalia,7.0336933,8.133662,6.9559007,-0.041057621387147,0.2000712874646166,-0.16445132219964784,
mEqcaE,E,Equus caballus,Placentalia,6.338603,8.535632,7.4456944,0.008841580405682318,0.2706934329784965,-0.17663520384342393,
mEreuE,E,Erinaceus europaeus,Placentalia,5.906697,8.164554,7.0132356,0.04414251965674524,0.3413626716052212,-0.14192881899297652,
mFecaE,E,Felis catus,Placentalia,6.0137296,8.43422,6.895082,0.04146134893587225,0.33468578076991157,-0.1884534968454591,
mHeglE,E,Heterocephalus glaber,Placentalia,5.7013593,6.8112993,7.409595,0.10913350022587731,0.39207786610074263,-0.09794847277397441,
mHosaE,E,Homo sapiens,Placentalia,6.2272506,8.205024,7.0605855,-0.021363343999624227,0.3008888159952963,-0.15296824034231415,
mLoafE,E,Loxodonta africana,Placentalia,6.7865243,8.385273,6.7472534,0.001575165648131214,0.23219193864108353,-0.15698107719918683,
mMamaE,E,Marmota marmota marmota,Placentalia,6.61512,8.170593,7.168782,-0.003963395110995049,0.2734831616744417,-0.14301612789615925,
mMimuE,E,Microcebus murinus,Placentalia,6.2553473,7.6880584,7.0212245,-0.01264202683295815,0.310092085847417,-0.11327660596582012,
mModoE,E,Monodelphis domestica,Marsupialia,5.9440813,7.559532,6.9066367,-0.04638425731966236,0.31797417620796187,0.030663393931763327,
mMumuE,E,Mus musculus,Placentalia,6.3858566,8.131241,6.6962757,-0.03408250813613765,0.2946151047783584,-0.10295215801049952,
mMupuE,E,Mustela putorius furo,Placentalia,6.7690554,7.934825,7.1110997,-0.03278193403634759,0.2453665969947419,-0.14015957453881914,
mMyluE,E,Myotis lucifugus,Placentalia,6.766908,7.7017674,7.0115714,-0.037018578199956666,0.26508257022233495,-0.07770357919848675,
mNescE,E,Neomonachus schauinslandi,Placentalia,6.1486955,8.43808,6.7985835,0.037587713057593536,0.2992984292275767,-0.21923522071074444,
mOcprE,E,Ochotona princeps,Placentalia,6.063637,8.435885,7.2894406,0.0029744528159749923,0.2878544832896888,-0.1900945725073629,
mOdviE,E,Odocoileus virginianus texanus,Placentalia,6.64009,8.764228,6.8412924,-0.009761041555923024,0.19930944113876314,-0.19458326678390694,
mOranE,E,Ornithorhynchus anatinus,Monotremata,6.550057,7.284259,6.792907,-0.08257989755279546,0.213307610650448,0.028825513753195954,
mOrcuE,E,Oryctolagus cuniculus,Placentalia,6.5883093,8.138986,6.824318,-0.027951867123656344,0.27256759408072867,-0.12099044182577821,
mOrorE,E,Orcinus orca,Placentalia,6.716456,7.802294,6.605346,0.020885186469635126,0.20192472430338357,-0.08920553552800334,
mPahoE,E,Pantholops hodgsonii,Placentalia,6.790121,8.851984,6.9653134,-0.021547604989364116,0.17062130530006817,-0.17634310366950923,
mPatiE,E,Panthera tigris altaica,Placentalia,6.126663,8.477834,6.79728,0.04858958422277862,0.3637414904826077,-0.18605930398185686,
mPhciE,E,Phascolarctos cinereus,Marsupialia,6.171129,7.5546875,7.0639668,-0.03879123244347156,0.3381632921347137,0.05781367698319699,
mPtvaE,E,Pteropus vampyrus,Placentalia,6.183998,7.471232,7.123707,0.014949924876584563,0.3251825452561382,-0.043352494562976525,
mSahaE,E,Sarcophilus harrisii,Marsupialia,6.1268396,7.538974,6.910712,-0.057201683619961335,0.2994779981780028,0.08071780431695667,
mSoarE,E,Sorex araneus,Placentalia,6.5438023,8.619528,7.251403,0.0026786045816161856,0.2335317176420194,-0.1727192265277486,
mTrmaE,E,Trichechus manatus latirostris,Placentalia,6.907774,8.301369,6.615841,0.03290470366352559,0.12144371651428915,-0.12547920843371388,
sBocoE,E,Boa constrictor constrictor,Squamata,5.6453824,5.109977,8.015111,0.1639325131798024,0.2583649491207261,-0.1456904928106752,
sCradE,E,Crotalus adamanteus,Squamata,5.1354,5.1072454,7.7178164,0.18162705535507975,0.30953622249111673,-0.1335250435842486,
sCratE,E,Crotalus atrox,Squamata,5.288407,5.230027,7.806243,0.17530277551835485,0.29118592834513624,-0.13171503961887765,
sCrheAE,E,Crotalus helleri,Squamata,5.06824,5.589064,7.8589773,0.1759657942889724,0.3277674333639731,-0.13734351984519572,
sCrheBE,E,Crotalus helleri,Squamata,5.1389456,5.242868,7.6071334,0.18396022870114692,0.32543689892686495,-0.12458763342413552,
sCrhoBE,E,Crotalus horridus,Squamata,5.1370115,5.2403455,7.931425,0.17526968864834896,0.30284351835552803,-0.13469762272126765,
sCrscAE,E,Crotalus scutulatus,Squamata,5.2505627,5.425983,7.6187167,0.1759657942889724,0.3277674333639731,-0.13734351984519572,
sCrscBE,E,Crotalus scutulatus,Squamata,5.3778596,5.585728,7.729093,0.1759657942889724,0.3277674333639731,-0.13734351984519572,
sDeacE,E,Deinakgistrodon acutus,Squamata,5.7338905,5.081298,7.9716988,0.15579378846716102,0.2546720233795465,-0.15948280426005465,
sLabiE,E,Lacerta bilineata,Squamata,8.336852,5.6081505,7.3134513,-0.10081951611965759,0.11267361831322595,-0.09079474825059,
sLaviE,E,Lacerta viridis,Squamata,8.462948,5.5122395,7.1884966,-0.10081951611965759,0.11267361831322595,-0.09079474825059,
sNoscE,E,Notechis scutatus,Squamata,5.573595,4.751772,7.2838645,0.13624398532224738,0.2537815121950019,-0.12355875698005062,
sOpgrE,E,Ophisaurus gracilis,Squamata,6.435201,4.7896957,7.278726,0.023023906360885586,0.16136264383459825,0.01072808109821219,
sOphaE,E,Ophiophagus hannah,Squamata,5.647218,5.173966,7.313388,0.1321611787586695,0.2508525474089315,-0.0965463665016113,
sPapiE,E,Paroedura picta,Squamata,8.3893795,5.377597,7.023877,-0.1351922725915137,0.05276539275244239,-0.01095524977861857,
sPoviE,E,Pogona vitticeps,Squamata,8.052697,5.7910933,7.0971007,-0.07856434588233475,0.16329980552215032,-0.08514335509478635,
sPrflE,E,Protobothrops flavoviridis,Squamata,5.203026,4.886365,7.873323,0.19378882045197426,0.30204633597010666,-0.1392814892073215,
sPrmuE,E,Protobothrops mucrosquamatus,Squamata,5.5193205,5.1462407,8.12471,0.1608471010129701,0.2964341318980304,-0.15296557336376174,
sPsteE,E,Pseudonaja textilis,Squamata,5.823408,4.9921637,7.445772,0.11958259124373208,0.22433009754689004,-0.1192986346731779,
sPybiE,E,Python bivittatus,Squamata,5.5897946,4.8758383,8.037904,0.15982311614576847,0.24644396903713722,-0.13694538372495088,
sVibeEa,E,Vipera berus berus,Squamata,5.554332,5.3346286,7.900795,0.16164432720016783,0.2757916918229055,-0.17228632819266224,
cChmyF,F,Chelonia mydas,Testudines,7.8258457,2.1599917,6.006805,-0.06418698694371719,-0.09654331716121126,0.04761494057888359,
cChpiF,F,Chrysemys picta bellii,Testudines,8.450668,2.1904807,6.2879677,-0.06625910251381033,-0.021437880078713483,0.11980568818808171,
cGoagF,F,Gopherus agassizii,Testudines,8.241964,2.2249353,6.149907,-0.08189870655610046,-0.045953153127209045,0.1206500874622559,
cPesiF,F,Pelodiscus sinensis,Testudines,8.045986,2.4015026,6.246547,-0.07505087502927997,-0.01815451689943047,0.15471070206444604,
mAifuF,F,Ailurus fulgens styani,Placentalia,3.314901,2.5971901,6.6673436,0.15654665191847722,0.45574971519384855,0.20467695359830015,
mAimeF,F,Ailuropoda melanoleuca,Placentalia,2.9013875,3.472639,6.751992,0.060533220898676424,0.3935001113083474,0.20652745444739723,
mBibiF,F,Bison bison bison,Placentalia,3.1150253,3.745516,6.931855,-0.019918607207921435,0.27728628771782365,0.1885349729028082,
mBotaF,F,Bos taurus,Placentalia,3.0918784,3.3989882,7.1680045,0.015950635267517544,0.3457477605850436,0.21563117277709354,
mCahiF,F,Capra hircus,Placentalia,3.502377,3.404418,6.7980437,0.06321545224265783,0.40846501544083275,0.08334538515493627,
mCaluF,F,Canis lupus familiaris,Placentalia,3.220566,2.8638134,6.8363605,0.11733228644144067,0.4302731117605574,0.22380029646012017,
mChlaF,F,Chinchilla lanigera,Placentalia,3.7893333,3.0924728,7.113507,0.1526548666506409,0.3920924026610507,0.16639131489848188,
mCocrF,F,Condylura cristata,Placentalia,3.0410213,2.6482224,6.326591,0.14941324588542268,0.4469402529060334,0.18075808134445917,
mDanoF,F,Dasypus novemcinctus,Placentalia,3.477522,2.3848326,6.4245725,0.25002158031432853,0.537361876624808,0.05767410471671726,
mEledF,F,Elephantulus edwardii,Placentalia,3.033839,3.045078,7.630106,0.08764636565102926,0.395023804108127,0.20452498531258145,
mEnluF,F,Enhydra lutris kenyoni,Placentalia,3.211178,2.5173876,6.617242,0.14570505052072188,0.4956445882992104,0.18590967226126903,
mEqcaF,F,Equus caballus,Placentalia,3.5396757,2.7606945,6.446671,0.14835477367711583,0.445124477948152,0.20857171650123943,
mEreuF,F,Erinaceus europaeus,Placentalia,3.3439443,2.1232593,6.386987,0.1981976763295175,0.5167098106781949,0.11342215102495622,
mFecaF,F,Felis catus,Placentalia,2.9783556,2.780233,6.569426,0.13026246997869131,0.4452443102174629,0.2302565423878269,
mHeglF,F,Heterocephalus glaber,Placentalia,3.440142,2.837111,7.435391,0.13199178936650688,0.33868469832059767,0.22205642417646337,
mHosaF,F,Homo sapiens,Placentalia,2.9420345,2.6205225,6.6111674,0.14047687411988036,0.4266308256338688,0.20713133732036199,
mLoafF,F,Loxodonta africana,Placentalia,2.7060807,2.6017518,6.8182445,0.15289557084048627,0.41508485220638064,0.2008087242329999,
mMamaF,F,Marmota marmota marmota,Placentalia,3.068507,2.9775581,7.0888443,0.10404368758006645,0.4228878570081561,0.15803598981425956,
mMimuF,F,Microcebus murinus,Placentalia,3.1392782,2.8045785,6.36564,0.15728282684739436,0.426087097267627,0.20356767451972435,
mModoF,F,Monodelphis domestica,Marsupialia,2.6020985,3.3601608,7.318105,0.06152859449285065,0.3318655112952311,0.29254269531525445,
mMumuF,F,Mus musculus,Placentalia,3.145368,3.279801,7.48901,0.07913557004078778,0.31996755737643845,0.2336617469520214,
mMupuF,F,Mustela putorius furo,Placentalia,3.3081613,2.4386094,6.8279376,0.1411191069007544,0.4933981289081563,0.1966799500790139,
mMyluF,F,Myotis lucifugus,Placentalia,3.4135802,3.204384,6.837328,0.10928575715528509,0.3740769730788145,0.19231684264307447,
mNescF,F,Neomonachus schauinslandi,Placentalia,3.2363174,2.3984256,6.64906,0.17258928901032097,0.4924639620831877,0.14154309041336316,
mOcprF,F,Ochotona princeps,Placentalia,3.4543686,3.0951211,7.2395267,0.11026380633530528,0.428492887929787,0.16987894133041526,
mOdviF,F,Odocoileus virginianus texanus,Placentalia,3.0813131,3.597912,6.8860197,0.03660975106008783,0.33946399246869424,0.1750084721689199,
mOranF,F,Ornithorhynchus anatinus,Monotremata,2.7092228,2.9743242,7.49088,0.12068636677749156,0.3689780316854773,0.26535320341763985,
mOrcuF,F,Oryctolagus cuniculus,Placentalia,3.1185327,2.9407098,7.207918,0.09262891549675893,0.39277562572753516,0.15786952654334688,
mOvarF,F,Ovis aries,Placentalia,3.4609194,3.4433131,6.9209704,0.047442327045119054,0.3889328729610395,0.10080643967022025,
mPahoF,F,Pantholops hodgsonii,Placentalia,2.8589828,3.3540406,6.7462077,0.01785798847125229,0.35094452405495735,0.20176123213282499,
mPatiF,F,Panthera tigris altaica,Placentalia,3.7936172,2.733938,6.691196,0.20709930105155633,0.451331953604133,0.1645736013166674,
mPhciF,F,Phascolarctos cinereus,Marsupialia,2.629683,3.0781991,7.382707,0.07818639218297399,0.3904440004196481,0.268101937423451,
mPtvaF,F,Pteropus vampyrus,Placentalia,3.0541377,3.131802,7.108828,0.10666873015967081,0.3813751904455757,0.2399188330520219,
mSahaF,F,Sarcophilus harrisii,Marsupialia,2.6627219,3.0876358,7.344677,0.09650999098457577,0.3753254379510941,0.21604474166846854,
mSoarF,F,Sorex araneus,Placentalia,2.7303512,2.6747847,7.1225133,0.09186916084089974,0.41951444326723347,0.20696799590946244,
mTrmaF,F,Trichechus manatus latirostris,Placentalia,3.788008,2.895426,7.0216813,0.18437522374161527,0.36859426346712354,0.19706440868119943,
sBocoF,F,Boa constrictor constrictor,Squamata,6.157884,3.0165174,6.4634395,0.04030005347249957,0.11068510538619458,-0.14224845653906382,
sCradF,F,Crotalus adamanteus,Squamata,6.5243764,2.2495685,6.331911,0.01781468374664617,0.06871248570398708,0.03371594332023373,
sCratF,F,Crotalus atrox,Squamata,6.627459,2.6165154,6.1852994,0.017043597558436704,0.05000765003308847,0.017739534800292344,
sCrheAF,F,Crotalus helleri,Squamata,6.3915067,2.4762273,6.2997108,0.017043597558436704,0.05000765003308847,0.017739534800292344,
sCrheBF,F,Crotalus helleri,Squamata,6.7379446,2.3177423,6.135099,0.006268032599854809,0.05515598541233283,0.052253129958172884,
sCrhoAF,F,Crotalus horridus,Squamata,6.4310217,2.6628444,5.590233,-0.008817573814881664,0.03420781637099236,0.037357919101320844,
sCrhoBF,F,Crotalus horridus,Squamata,6.371178,2.2312043,5.7227125,-0.008817573814881664,0.03420781637099236,0.037357919101320844,
sCrscAF,F,Crotalus scutulatus,Squamata,6.614289,2.2233298,6.012584,0.006268032599854809,0.05515598541233283,0.052253129958172884,
sCrscBF,F,Crotalus scutulatus,Squamata,6.3728065,2.2912138,6.0041676,0.006268032599854809,0.05515598541233283,0.052253129958172884,
sDeacF,F,Deinakgistrodon acutus,Squamata,6.3944564,2.7441428,6.2616735,0.025204059167692434,0.11590283872194014,-0.009840307447810242,
sLabiF,F,Lacerta bilineata,Squamata,6.632628,2.504453,5.636196,-0.06375365805173258,-0.059466271186862645,0.07157601561511862,
sLaviF,F,Lacerta viridis,Squamata,6.759005,2.203077,5.5335865,-0.06375365805173258,-0.059466271186862645,0.07157601561511862,
sNoscF,F,Notechis scutatus,Squamata,6.7393894,2.690711,5.999037,-0.018934370308283956,0.06262015409104299,0.06953316539081882,
sOpgrF,F,Ophisaurus gracilis,Squamata,5.6630406,3.5167077,7.1075373,0.2259315627632118,0.22955587807358027,0.05340648176819962,
sOphaF,F,Ophiophagus hannah,Squamata,6.704744,2.7469988,5.6285706,-0.006291264606666525,0.006323100154518832,0.01917796383547923,
sPapiF,F,Paroedura picta,Squamata,4.9613433,4.4062357,7.412493,0.2648544738030807,0.4209911688044606,0.006810989188464225,
sPoviF,F,Pogona vitticeps,Squamata,5.632725,3.2460074,7.0352325,0.22604533604440036,0.17446432666378542,0.17549553427815395,
sPrmuF,F,Protobothrops mucrosquamatus,Squamata,6.1911373,2.8250954,6.063517,0.02514210693563383,0.10973936631962754,0.006867233731318928,
sPsteF,F,Pseudonaja textilis,Squamata,6.896873,2.3362286,5.784929,-0.024805111032112852,0.014462138512317223,0.06597066824460583,
sPybiF,F,Python bivittatus,Squamata,6.130521,2.5047357,6.0864205,0.027425302695924362,0.005562315151936776,-0.07713620167981344,
sVibeF,F,Vipera berus berus,Squamata,6.8421054,2.5510173,6.1517982,0.06109809430175865,0.06818170820241244,0.06940944390927087,
sBocoGo,G,Boa constrictor constrictor,Squamata,10.293089,1.4082769,4.4024644,-0.1474044114917031,-0.12307566638350446,0.36243264083214455,
sCradGa,G,Crotalus adamanteus,Squamata,11.967843,1.8556904,4.3739843,-0.17101043480092382,-0.04988415381251588,0.25247610078679583,
sCradGc,G,Crotalus adamanteus,Squamata,9.897203,2.0508318,4.7630086,-0.13360508401627785,-0.09799220330827668,0.21220893912231772,
sCratGa,G,Crotalus atrox,Squamata,11.9091625,1.7137268,4.6267447,-0.161311019990392,-0.010110153302174454,0.24438327393002862,
sCratGb,G,Crotalus atrox,Squamata,10.630093,2.6443028,4.9812593,-0.16956197684443386,-0.13683858869924803,0.15781842325962858,
sCratGc,G,Crotalus atrox,Squamata,9.852789,1.5447105,4.738261,-0.14407597198000568,-0.10920567151442079,0.23467792512350588,
sCratGk49,G,Crotalus atrox,Squamata,9.908831,2.4574823,4.348322,-0.11436257491514604,-0.186751351671259,0.3047049150426017,
sCrheAGa1,G,Crotalus helleri,Squamata,11.115176,1.2387468,4.661191,-0.039637721256904686,-0.12834381928985658,0.3147391752015206,
sCrheAGa2,G,Crotalus helleri,Squamata,11.601868,2.1470046,4.779796,-0.1329675640215154,-0.020756507892649368,0.18449062165584196,
sCrheAGb,G,Crotalus helleri,Squamata,11.145894,3.1659343,4.9838266,-0.15883494236839008,-0.23113132090942243,0.11391895585128878,
sCrheAGc1,G,Crotalus helleri,Squamata,9.972981,1.5139682,5.195177,-0.13015407107308935,-0.027225740246853813,0.26335065731226065,
sCrheBGa1,G,Crotalus helleri,Squamata,12.015414,1.8715049,4.2599487,-0.17101043480092382,-0.04988415381251588,0.25247610078679583,
sCrhoAGa1,G,Crotalus horridus,Squamata,11.371739,1.2661325,4.7675753,-0.03689142424269243,-0.11804828412257766,0.2788318449147147,
sCrhoAGa2,G,Crotalus horridus,Squamata,11.879287,1.6266918,4.612065,-0.16519014191926398,-0.05475327448638861,0.2486392583152684,
sCrhoAGb,G,Crotalus horridus,Squamata,11.268312,3.2169108,5.086231,-0.16908260745946949,-0.21086273996079818,0.11396940331038928,
sCrhoAGc1,G,Crotalus horridus,Squamata,9.829988,1.7445713,4.485726,-0.13173436345431894,-0.11215420053348658,0.21203683574690288,
sCrhoBGc1,G,Crotalus horridus,Squamata,9.861471,1.7385751,4.5975876,-0.15192941487002404,-0.12477133417462938,0.24174816377195268,
sCrhoGa,G,Crotalus horridus,Squamata,11.647032,1.6828108,4.257721,-0.17665444347947615,-0.08378197564518451,0.2772954994118568,
sCrhoGc,G,Crotalus horridus,Squamata,9.655001,1.3043349,4.6643257,-0.11031365676378829,-0.15445865535520978,0.26299125510529126,
sCrscAGa1,G,Crotalus scutulatus,Squamata,11.700168,1.3875166,4.6122217,-0.13375005135837048,0.01078401827319592,0.2723881525373996,
sCrscAGa2,G,Crotalus scutulatus,Squamata,11.561539,2.2564874,4.6998835,-0.1440114604703908,-0.03717944541929832,0.18390101071812576,
sCrscAGb,G,Crotalus scutulatus,Squamata,11.334238,3.385272,5.121886,-0.167190455058762,-0.22284362417591938,0.1083426853244865,
sCrscAGc1,G,Crotalus scutulatus,Squamata,10.19223,1.3444333,4.643486,-0.11675436083209875,-0.08922348335145205,0.27413341528735846,
sCrscAGc2,G,Crotalus scutulatus,Squamata,10.281421,1.6855783,5.1883206,-0.1315699674929062,-0.021604725262630218,0.2604830786825371,
sCrscBGa1,G,Crotalus scutulatus,Squamata,11.436399,1.7156636,4.517812,-0.168381738998007,-0.02687989671708686,0.2390863442433804,
sCrscBGb,G,Crotalus scutulatus,Squamata,10.777218,2.6297398,4.642477,-0.1688030769710836,-0.1354543914438906,0.14947939185458814,
sCrscBGc2,G,Crotalus scutulatus,Squamata,10.10874,1.6558685,4.773774,-0.14329255153788992,-0.11459266703587574,0.22887894029779876,
sCrscBGk49,G,Crotalus scutulatus,Squamata,9.817389,2.280988,4.340514,-0.12084995598250314,-0.19469933785137125,0.28528291206914613,
sDeacGa,G,Deinakgistrodon acutus,Squamata,11.456725,1.7164012,4.1922455,-0.18312309550854278,-0.12170591116831968,0.32017675150204267,
sDeacGb,G,Deinakgistrodon acutus,Squamata,10.987565,2.6216838,4.788896,-0.14391431073097724,-0.08636691017184422,0.12355620192975915,
sDeacGc,G,Deinakgistrodon acutus,Squamata,9.7079735,1.3482271,4.392225,-0.09779364405164849,-0.17794505333339636,0.24875494547726637,
sDeacGk49,G,Deinakgistrodon acutus,Squamata,9.711131,2.6363924,4.5932307,-0.07434004015330513,-0.15836701472868064,0.19992987065873627,
sLabiGo,G,Lacerta bilineata,Squamata,10.763089,1.6864939,4.696623,-0.19817295061460494,-0.0765431464448055,0.320867541681237,
sLaviGo,G,Lacerta viridis,Squamata,10.811591,1.3984473,4.8500195,-0.1928489711552946,-0.06765743008538783,0.30642694172258295,
sNoscGc,G,Notechis scutatus,Squamata,9.974167,2.0219471,5.1301694,-0.12463821614243849,-0.09596613881408632,0.23873811545139956,
sOpgrGo,G,Ophisaurus gracilis,Squamata,9.685479,2.2375143,5.335801,-0.08930481407035461,-0.041179304861522145,0.20814724603213114,
sOphaGc,G,Ophiophagus hannah,Squamata,9.987396,2.3026757,5.0216336,-0.11576744750467717,-0.13299906648562337,0.19063465781912756,
sPapiGo,G,Paroedura picta,Squamata,9.020949,2.9747734,6.1194396,-0.030918731100684563,0.12165077083669877,0.15347632699602712,
sPoviGo,G,Pogona vitticeps,Squamata,10.306963,1.5947258,5.0897555,-0.15252199303836034,-0.04226201555101838,0.29566734103928843,
sPrflGa1,G,Protobothrops flavoviridis,Squamata,10.577586,1.8993198,4.303021,-0.20043904696100462,-0.13209909584480187,0.3184185453735044,
sPrflGa2,G,Protobothrops flavoviridis,Squamata,10.339347,2.0992496,4.377309,-0.20402326627694464,-0.1273699145945289,0.33376948609475565,
sPrflGb,G,Protobothrops flavoviridis,Squamata,10.637881,2.4213006,4.588148,-0.17608017884652333,-0.11996888297940629,0.2325427961840736,
sPrflGck,G,Protobothrops flavoviridis,Squamata,8.963777,0.025650548,5.9265122,0.13166149201551075,-0.11214379984960292,0.054100817056939865,
sPrflGk49,G,Protobothrops flavoviridis,Squamata,9.41692,2.624301,4.21365,-0.07986905401600666,-0.2301504339346845,0.21298315007181534,
sPrmuGa1,G,Protobothrops mucrosquamatus,Squamata,10.2683525,1.8654135,4.709298,-0.15332445626340546,-0.07061499523728715,0.2828686738322381,
sPrmuGa2,G,Protobothrops mucrosquamatus,Squamata,11.619365,1.5039501,4.330926,-0.13869397512644926,-0.17624116117876845,0.2841467493606973,
sPrmuGb,G,Protobothrops mucrosquamatus,Squamata,10.563164,2.665189,4.7627926,-0.16945460364068313,-0.09208139317159149,0.18729200373404892,
sPrmuGck,G,Protobothrops mucrosquamatus,Squamata,10.066203,1.6359069,4.4045405,-0.11554013669674343,-0.1057485809521871,0.31779010811109154,
sPrmuGk49,G,Protobothrops mucrosquamatus,Squamata,9.544109,2.431399,4.3483663,-0.04903257826271003,-0.14938433247230506,0.19559003781313325,
sPsteGc,G,Pseudonaja textilis,Squamata,10.247518,1.6331487,5.108247,-0.13400502049839436,-0.052512309212426174,0.27806474991123875,
sVibeGa1,G,Vipera berus berus,Squamata,11.07262,2.0342205,4.3121085,-0.21947450449561132,-0.12024245020518222,0.2750769552913767,
sVibeGa2,G,Vipera berus berus,Squamata,10.293132,3.8380938,4.245578,-0.20052165115865864,-0.22404198470648237,0.17070922648823755,
sVibeGa4,G,Vipera berus berus,Squamata,11.466183,2.0885005,4.504387,-0.17393270129257649,-0.1153084493810794,0.2629184630553992,
Xela,pre_g2,Xenopus laevis,Anura,7.6383724,3.9673138,6.9861736,0.022934073903277587,0.20497827268891888,0.06428139845803565,23.933915513833163
mAifuV,V,Ailurus fulgens styani,Placentalia,12.968525,6.5437617,8.280204,-0.12489281960147931,-0.036096893805003104,-0.18368278036863417,
mBotaV,V,Bos taurus,Placentalia,12.647121,6.544174,8.105406,-0.1431814391103265,0.05809203846083784,-0.19108980207459006,
mCahiV,V,Capra hircus,Placentalia,12.80832,6.2579556,7.6829047,-0.11826291067985663,-0.038074136371734964,-0.19745325517744852,
mCaluV,V,Canis lupus familiaris,Placentalia,12.600357,6.571557,7.6586394,-0.14353788453855873,-0.08127283863903108,-0.1661291324960115,
mChlaV,V,Chinchilla lanigera,Placentalia,12.640948,6.9417114,7.8207693,-0.1419123352178858,-0.007458217562700586,-0.14034983205272972,
mCocrV,V,Condylura cristata,Placentalia,13.440009,6.804714,7.700642,-0.16373130828406723,-0.1224372906241782,-0.18320401682508528,
mDanoV,V,Dasypus novemcinctus,Placentalia,13.240821,6.181076,7.383431,-0.15349549512445607,-0.10648853546663464,-0.1540133835202185,
mEledV,V,Elephantulus edwardii,Placentalia,13.41305,6.910549,7.588401,-0.14506269384428894,-0.13214926316267794,-0.18710205259203927,
mEnluV,V,Enhydra lutris kenyoni,Placentalia,12.204515,6.356576,7.883583,-0.07305565280434856,0.023224467038502467,-0.22135204772914344,
mEqcaV,V,Equus caballus,Placentalia,12.849616,6.2079186,8.109576,-0.09520299643921878,0.032578040110603626,-0.23738870037288107,
mEreuV,V,Erinaceus europaeus,Placentalia,12.376717,6.135054,7.60341,-0.07630515036767152,0.036987237139950474,-0.2658644229921365,
mFecaV,V,Felis catus,Placentalia,13.181489,6.3349404,7.956298,-0.14064052772956517,-0.0864672574192403,-0.1975504358539168,
mHeglV,V,Heterocephalus glaber,Placentalia,12.668735,6.779141,7.384869,-0.17599899707682007,-0.06865247256174417,-0.14129235818590757,
mHosaV,V,Homo sapiens,Placentalia,13.114089,6.590249,7.2443166,-0.17653988251335323,-0.1423334838056918,-0.10208268974000076,
mLoafV,V,Loxodonta africana,Placentalia,12.924756,6.669794,8.096577,-0.15703132898432876,-0.018617727113973127,-0.12153989419423612,
mMamaV,V,Marmota marmota marmota,Placentalia,13.504219,6.516165,7.225058,-0.17417355977688218,-0.17149364468328188,-0.11713734798678366,
mMimuV,V,Microcebus murinus,Placentalia,13.571894,6.716607,7.540167,-0.15349172737089858,-0.1898518909659301,-0.19314332491013325,
mModoV1,V,Monodelphis domestica,Marsupialia,9.656517,5.252125,2.688317,-0.1962614004350208,-0.3768640153516028,0.06952465420299994,
mModoV2,V,Monodelphis domestica,Marsupialia,9.5444,1.8634417,5.320041,-0.053292930055015716,0.023945750771842765,0.2286921304331285,
mMumuV,V,Mus musculus,Placentalia,13.164312,6.7945185,7.1593614,-0.1742613594251895,-0.13188315076165735,-0.04938342871508142,
mMupuV,V,Mustela putorius furo,Placentalia,12.3380165,6.7971263,7.4984484,-0.1469375626709533,-0.03145973873387441,-0.11937829908365614,
mMyluV,V,Myotis lucifugus,Placentalia,12.3371725,6.5663,7.988401,-0.11564488557042693,-0.008881196444328476,-0.14201935165209434,
mNescV,V,Neomonachus schauinslandi,Placentalia,12.743092,6.4217405,7.8872747,-0.1358151364693044,-0.07242200661748831,-0.18961672162733728,
mOcprV,V,Ochotona princeps,Placentalia,13.020067,6.9748726,7.4456897,-0.13722607637371662,-0.09457397816815806,-0.18837674569355878,
mOdviV,V,Odocoileus virginianus texanus,Placentalia,12.497507,6.2657623,8.039995,-0.07523459322322221,0.10462368054284342,-0.20724509456606588,
mOran3,V,Ornithorhynchus anatinus,Monotremata,9.491377,5.7316427,3.7286475,-0.19183530006238478,-0.30714059849271014,0.011963837163719107,
mOrcuV,V,Oryctolagus cuniculus,Placentalia,13.319412,6.850207,7.8206763,-0.15928434310260098,-0.0904396563270619,-0.16431688536228642,
mOrorV,V,Orcinus orca,Placentalia,13.670171,6.6611457,8.069157,-0.11143296313229224,-0.1510991033119353,-0.2724413767552829,
mPahoV,V,Pantholops hodgsonii,Placentalia,12.434459,6.4178047,7.9692144,-0.08263631100750882,0.007215457865823727,-0.2210424302960726,
mPatiV,V,Panthera tigris altaica,Placentalia,13.358431,6.371024,7.899221,-0.14719261408308965,-0.09152782374362727,-0.18634449664675676,
mPhciV1,V,Phascolarctos cinereus,Marsupialia,9.596469,5.105267,2.7000697,-0.17243583413013167,-0.4177426322972227,0.08443572903409015,
mPhciV2,V,Phascolarctos cinereus,Marsupialia,10.212562,4.541613,4.2154055,-0.18878465599266078,-0.29765692648469927,0.093993399392723,
mPhciV3,V,Phascolarctos cinereus,Marsupialia,10.004552,3.3534365,4.598358,-0.17479686802128616,-0.20735966519320204,0.1488493173543268,
mPtvaV,V,Pteropus vampyrus,Placentalia,13.432224,6.400965,7.3784924,-0.20820904755470346,-0.22833057755157352,-0.035951043621673,
mSahaV1,V,Sarcophilus harrisii,Marsupialia,9.135229,5.390771,3.074546,-0.20009617620684111,-0.2749068013420321,0.05038060580887901,
mSahaV2,V,Sarcophilus harrisii,Marsupialia,9.236296,5.6335807,2.8250058,-0.20155309320685008,-0.342954382392033,0.02693891375996231,
mSahaV4,V,Sarcophilus harrisii,Marsupialia,9.613694,4.8332224,4.675004,-0.16325409800701307,-0.14266530266009186,0.04716749325138476,
mSahaV5,V,Sarcophilus harrisii,Marsupialia,8.72378,3.169888,6.5455937,0.0044310042922690515,0.10014299779849983,0.12524040227600777,
mSoarV,V,Sorex araneus,Placentalia,12.719859,6.2099843,7.307248,-0.12118741600641843,-0.09742414292996157,-0.2974636298136853,
mTrmaV,V,Trichechus manatus latirostris,Placentalia,13.289194,6.5570636,7.5233445,-0.19846081593883308,-0.1656389240641968,-0.0977340781329482,
mUrmaV,V,Ursus maritimus,Placentalia,12.881101,6.756255,7.9427466,-0.1468974787436792,-0.05377189529870373,-0.1786075141378022,
